twa/tws,4,6,8,10,12,14,16,20,25
0,0.0,0.0,0.0,0.0,0.0,0.0,0.0,0.0,0.0
30,1.5,2.5,3.3,4.0,4.3,4.5,4.6,4.7,4.7
40,2.2,3.3,4.2,4.8,5.2,5.4,5.5,5.6,5.6
50,2.8,3.9,4.8,5.4,5.8,6.0,6.1,6.2,6.2
60,3.1,4.3,5.2,5.8,6.2,6.4,6.5,6.6,6.6
70,3.3,4.5,5.4,6.0,6.4,6.6,6.7,6.8,6.8
80,3.4,4.6,5.5,6.1,6.5,6.7,6.8,6.9,6.9
90,3.4,4.6,5.5,6.1,6.5,6.7,6.8,6.9,7.0
100,3.3,4.5,5.4,6.0,6.4,6.6,6.7,6.9,7.0
110,3.2,4.4,5.3,5.9,6.3,6.5,6.7,6.9,7.0
120,3.0,4.2,5.1,5.7,6.1,6.4,6.6,6.8,7.0
130,2.7,3.9,4.8,5.5,5.9,6.2,6.4,6.7,6.9
140,2.4,3.5,4.4,5.1,5.6,5.9,6.2,6.5,6.8
150,2.1,3.1,4.0,4.7,5.2,5.6,5.9,6.3,6.6
160,1.8,2.8,3.6,4.3,4.8,5.2,5.6,6.0,6.4
170,1.5,2.5,3.2,3.9,4.4,4.8,5.2,5.7,6.1
180,1.3,2.2,2.9,3.6,4.1,4.5,4.9,5.4,5.8
